iteration_number,avg_sum_delete_add_time
1,0.000012
2,0.000023
3,0.000016
4,0.000024
5,0.000015
6,0.000018
7,0.000021
8,0.000018
9,0.000021
10,0.000019
