ef,recall,query_time
50,0.901706,0.000061
100,0.901706,0.000061
150,0.947629,0.000085
200,0.968380,0.000109
250,0.979450,0.000131
300,0.985890,0.000156
350,0.989909,0.000175
400,0.992553,0.000197
450,0.994224,0.000219
500,0.995523,0.000250
550,0.996502,0.000263
600,0.997133,0.000282
650,0.997659,0.000304
700,0.998047,0.000322
750,0.998370,0.000323
800,0.998618,0.000341
850,0.998795,0.000365
900,0.998934,0.000388
950,0.999072,0.000396
1000,0.999207,0.000411
