ef,recall,query_time
50,0.898741,0.000061
100,0.898741,0.000061
150,0.945846,0.000085
200,0.967196,0.000109
250,0.978498,0.000131
300,0.985203,0.000155
350,0.989550,0.000176
400,0.992176,0.000198
450,0.993963,0.000219
500,0.995337,0.000240
550,0.996273,0.000261
600,0.996984,0.000282
650,0.997510,0.000303
700,0.997932,0.000322
750,0.998264,0.000342
800,0.998550,0.000360
850,0.998755,0.000381
900,0.998920,0.000405
950,0.999030,0.000417
1000,0.999145,0.000434
