ef,recall,query_time
50,0.905813,0.000062
100,0.905813,0.000059
150,0.950470,0.000084
200,0.970313,0.000104
250,0.980641,0.000123
300,0.986566,0.000140
350,0.990333,0.000162
400,0.992762,0.000179
450,0.994319,0.000201
500,0.995487,0.000218
550,0.996385,0.000238
600,0.997057,0.000257
650,0.997549,0.000276
700,0.997913,0.000291
750,0.998214,0.000309
800,0.998469,0.000327
850,0.998661,0.000349
900,0.998818,0.000363
950,0.998928,0.000379
1000,0.999065,0.000399
