ef,recall,query_time
100,0.898741,0.000058
200,0.967196,0.000103
300,0.985203,0.000146
400,0.992176,0.000187
500,0.995337,0.000227
600,0.996984,0.000266
700,0.997932,0.000305
800,0.998550,0.000343
900,0.998920,0.000381
1000,0.999145,0.000418
1100,0.999347,0.000454
1200,0.999467,0.000490
1300,0.999575,0.000524
1400,0.999621,0.000559
1500,0.999674,0.000595
1600,0.999701,0.000629
1700,0.999746,0.000660
1800,0.999755,0.000695
1900,0.999787,0.000731
2000,0.999809,0.000760
