ef,recall,query_time
100,0.871450,0.000051
200,0.952738,0.000091
300,0.976634,0.000128
400,0.986486,0.000163
500,0.991386,0.000198
600,0.994157,0.000234
700,0.995777,0.000266
800,0.996849,0.000300
900,0.997586,0.000333
1000,0.998096,0.000363
1100,0.998431,0.000396
1200,0.998710,0.000430
1300,0.998922,0.000460
1400,0.999058,0.000491
1500,0.999177,0.000521
1600,0.999287,0.000556
1700,0.999372,0.000586
1800,0.999442,0.000613
1900,0.999512,0.000640
2000,0.999561,0.000671
