ef,recall,query_time
100,0.916062,0.000059
200,0.975458,0.000105
300,0.989292,0.000148
400,0.994405,0.000189
500,0.996579,0.000229
600,0.997735,0.000268
700,0.998422,0.000307
800,0.998824,0.000345
900,0.999121,0.000381
1000,0.999319,0.000415
1100,0.999452,0.000450
1200,0.999524,0.000486
1300,0.999589,0.000519
1400,0.999628,0.000551
1500,0.999658,0.000585
1600,0.999677,0.000618
1700,0.999725,0.000650
1800,0.999719,0.000682
1900,0.999750,0.000715
2000,0.999756,0.000748
