ef,recall,query_time
100,0.549500,0.000172
200,0.664000,0.000181
300,0.727000,0.000238
400,0.773000,0.000305
500,0.802500,0.000387
600,0.823000,0.000462
700,0.840500,0.000517
800,0.849500,0.000588
900,0.861500,0.000642
1000,0.871000,0.000743
