ef,recall,query_time
100,0.601500,0.000126
200,0.732500,0.000209
300,0.792000,0.000291
400,0.827500,0.000363
500,0.852000,0.000440
600,0.872000,0.000516
700,0.887500,0.000602
800,0.898500,0.000687
900,0.908000,0.000741
1000,0.914500,0.000821
