ef,recall,query_time
100,0.574500,0.000205
200,0.689500,0.000175
300,0.747500,0.000221
400,0.781500,0.000269
500,0.806500,0.000327
600,0.822500,0.000373
700,0.836500,0.000467
800,0.850000,0.000498
900,0.859500,0.000573
1000,0.867000,0.000608
