ef,recall,query_time
100,0.604000,0.000126
200,0.718500,0.000190
300,0.782500,0.000275
400,0.818500,0.000343
500,0.849000,0.000438
600,0.865000,0.000527
700,0.877500,0.000592
800,0.893500,0.000682
900,0.902000,0.000739
1000,0.907000,0.000846
