ef,recall,query_time
14000,0.949500,0.006844
14100,0.949500,0.006989
14200,0.949500,0.006951
14300,0.949500,0.006815
14400,0.949500,0.007099
14500,0.949500,0.007077
