ef,recall,query_time
50,0.659000,0.000097
100,0.659000,0.000072
150,0.735000,0.000105
200,0.786000,0.000137
250,0.816000,0.000173
300,0.842000,0.000201
350,0.862500,0.000241
400,0.876000,0.000272
450,0.890500,0.000309
500,0.903500,0.000337
550,0.911500,0.000365
600,0.917000,0.000399
650,0.921000,0.000435
700,0.926000,0.000480
750,0.930500,0.000502
800,0.934500,0.000540
850,0.939000,0.000575
900,0.943500,0.000610
950,0.944500,0.000639
1000,0.947000,0.000662
