ef,recall,query_time
50,0.646500,0.000124
100,0.646500,0.000035
150,0.715000,0.000053
200,0.759000,0.000071
250,0.788500,0.000089
300,0.810500,0.000103
350,0.826000,0.000126
400,0.839500,0.000138
450,0.851500,0.000158
500,0.860500,0.000171
550,0.866500,0.000192
600,0.875000,0.000212
650,0.880000,0.000230
700,0.886000,0.000255
750,0.891500,0.000265
800,0.899000,0.000285
850,0.902500,0.000302
900,0.904500,0.000335
950,0.905000,0.000340
1000,0.909500,0.000358
