ef,recall,query_time
50,0.984923,0.000048
100,0.993389,0.000086
150,0.995875,0.000120
200,0.997045,0.000151
250,0.997706,0.000182
300,0.998131,0.000216
