ef,recall,query_time
50,0.603000,0.000087
100,0.603000,0.000064
150,0.674500,0.000096
200,0.730500,0.000127
250,0.772500,0.000157
300,0.797500,0.000187
350,0.815000,0.000225
400,0.834000,0.000252
450,0.847500,0.000282
500,0.859000,0.000316
550,0.866000,0.000328
600,0.873000,0.000367
650,0.880000,0.000384
700,0.889500,0.000427
750,0.897000,0.000471
800,0.902000,0.000504
850,0.910000,0.000529
900,0.916500,0.000569
950,0.919500,0.000610
1000,0.923500,0.000630
