ef,recall,query_time
50,0.679000,0.000146
100,0.679000,0.000069
150,0.755500,0.000105
200,0.804000,0.000133
250,0.832000,0.000164
300,0.862000,0.000206
350,0.873500,0.000229
400,0.886500,0.000261
450,0.893500,0.000302
500,0.904500,0.000319
550,0.911000,0.000367
600,0.919000,0.000391
650,0.925000,0.000417
700,0.930000,0.000448
750,0.933000,0.000472
800,0.937000,0.000511
850,0.941000,0.000534
900,0.946000,0.000567
950,0.948000,0.000599
1000,0.951500,0.000632
