ef,recall,query_time
50,0.987459,0.000051
100,0.994123,0.000080
150,0.996136,0.000113
200,0.997094,0.000142
250,0.997639,0.000172
300,0.997997,0.000203
