nprobe,recall,query_time
43,0.9970,0.002978
36,0.9945,0.002320
32,0.9920,0.001900
29,0.9875,0.001741
25,0.9805,0.001406
20,0.9760,0.001233
