nprobe,recall,query_time
15,0.786500,0.000595
20,0.842000,0.000800
25,0.879500,0.000905
30,0.913000,0.001055
35,0.932000,0.001325
40,0.946000,0.001460
45,0.953500,0.001675
50,0.957500,0.001855
55,0.962500,0.001965
60,0.969000,0.002155
65,0.971500,0.002315
70,0.976000,0.002505
75,0.979500,0.002690
80,0.982500,0.002950
85,0.985000,0.003120
90,0.986000,0.003270
95,0.987000,0.003480
100,0.989000,0.003640
105,0.989500,0.004065
110,0.992000,0.004235
