ef,recall,query_time
50,0.963646,0.000047
100,0.971328,0.000073
150,0.974584,0.000080
200,0.976425,0.000102
250,0.977711,0.000123
300,0.978679,0.000143
