ef,recall,query_time
50,0.664000,0.000059
100,0.664000,0.000035
150,0.729500,0.000054
200,0.780000,0.000072
250,0.815000,0.000089
300,0.837000,0.000106
350,0.855000,0.000125
400,0.865500,0.000143
450,0.875500,0.000157
500,0.885000,0.000184
550,0.896000,0.000199
600,0.900500,0.000208
650,0.908500,0.000229
700,0.913500,0.000247
750,0.919000,0.000265
800,0.923000,0.000285
850,0.930000,0.000310
900,0.932500,0.000323
950,0.935500,0.000342
1000,0.937000,0.000362
