ef,recall,query_time
50,0.911285,0.000174
100,0.940687,0.000326
150,0.951477,0.000454
200,0.957167,0.000575
250,0.960585,0.000684
300,0.962943,0.000791
