ef,recall,query_time
50,0.912343,0.000203
100,0.940354,0.000360
150,0.950622,0.000506
200,0.956078,0.000638
250,0.959434,0.000764
300,0.961768,0.000888
