ef,recall,query_time
50,0.876863,0.000194
100,0.898438,0.000345
150,0.907450,0.000481
200,0.912496,0.000604
250,0.915849,0.000716
300,0.918252,0.000821
