ef,recall,query_time
50,0.754180,0.000494
100,0.754180,0.000492
150,0.829550,0.000698
200,0.874660,0.000889
250,0.902600,0.001076
300,0.921990,0.001259
350,0.936130,0.001435
400,0.946790,0.001603
450,0.954540,0.001776
500,0.960960,0.001933
550,0.966210,0.002093
600,0.970120,0.002249
650,0.973470,0.002394
700,0.976170,0.002503
750,0.978220,0.002613
800,0.980240,0.002672
850,0.981900,0.002726
900,0.983200,0.002737
950,0.984750,0.002726
1000,0.985840,0.002714
