ef,recall,query_time
50,0.000000,0.337144
100,0.000000,0.328160
150,0.000000,0.464897
200,0.000000,0.584361
250,0.000000,0.713573
300,0.000000,0.859321
350,0.000000,0.978201
400,0.000000,1.077494
450,0.000000,1.185674
500,0.000000,1.288930
550,0.000000,1.395669
600,0.000000,1.496482
650,0.000000,1.596250
700,0.000000,1.691054
750,0.000000,1.783906
800,0.000000,1.879036
850,0.000000,1.963816
900,0.000000,2.060170
950,0.000000,2.152947
1000,0.000000,2.240059
