ef,recall,query_time
50,0.799700,0.000569
100,0.799700,0.000566
150,0.868730,0.000800
200,0.907360,0.001022
250,0.930820,0.001234
300,0.946460,0.001458
350,0.957590,0.001634
400,0.965160,0.001823
450,0.970830,0.002016
500,0.975040,0.002206
550,0.978560,0.002371
600,0.981320,0.002551
650,0.983460,0.002720
700,0.985200,0.002881
750,0.986990,0.003042
800,0.988330,0.003207
850,0.989430,0.003362
900,0.990400,0.003522
950,0.991170,0.003678
1000,0.991830,0.003818
