ef,recall,query_time
50,0.000000,0.360363
100,0.000000,0.354449
150,0.000000,0.501544
200,0.000000,0.643923
250,0.000000,0.779674
300,0.000000,0.907643
350,0.000000,1.033708
400,0.000000,1.162828
450,0.000000,1.276519
500,0.000000,1.368146
550,0.000000,1.470087
600,0.000000,1.568391
650,0.000000,1.624230
700,0.000000,1.689543
750,0.000000,1.698218
800,0.000000,1.741759
850,0.000000,1.782716
900,0.000000,1.867345
950,0.000000,1.947122
1000,0.000000,2.035132
