ef,recall,query_time
50,0.910742,0.000159
100,0.941498,0.000309
150,0.952495,0.000517
200,0.958229,0.000556
250,0.961716,0.000662
300,0.964035,0.000750
