ef,recall,query_time
50,0.911357,0.000198
100,0.940289,0.000288
150,0.950821,0.000400
200,0.956249,0.000492
250,0.959728,0.000608
300,0.962121,0.001027
