ef,recall,query_time
50,0.798570,0.000577
100,0.798570,0.000574
150,0.868350,0.000812
200,0.906320,0.001038
250,0.930670,0.001255
300,0.946740,0.001466
350,0.957680,0.001668
400,0.965340,0.001864
450,0.971170,0.002059
500,0.975840,0.002245
550,0.979650,0.002421
600,0.982140,0.002615
650,0.984280,0.002772
700,0.985940,0.002945
750,0.987700,0.003131
800,0.988910,0.003296
850,0.990080,0.003439
900,0.990990,0.003611
950,0.991810,0.003696
1000,0.992490,0.003714
