ef,recall,query_time
50,0.807130,0.000355
100,0.807130,0.000337
150,0.874560,0.000498
200,0.909820,0.000751
250,0.930880,0.000842
300,0.944660,0.000962
350,0.954310,0.001091
400,0.961830,0.001226
450,0.967120,0.001536
500,0.971110,0.001693
550,0.974250,0.001753
600,0.977130,0.001878
650,0.979440,0.002012
700,0.981500,0.002133
750,0.983110,0.002241
800,0.984470,0.002298
850,0.985770,0.002346
900,0.986610,0.002459
950,0.987520,0.002554
1000,0.988410,0.002650
