ef,recall,query_time
50,0.822130,0.000570
100,0.822130,0.000568
150,0.885120,0.000795
200,0.918600,0.001010
250,0.938780,0.001212
300,0.951330,0.001410
350,0.960230,0.001592
400,0.966750,0.001782
450,0.971870,0.001943
500,0.975110,0.002118
550,0.977910,0.002284
600,0.980220,0.002438
650,0.982460,0.002597
700,0.983970,0.002743
750,0.985340,0.002839
800,0.986500,0.002714
850,0.987580,0.002640
900,0.988350,0.002642
950,0.989000,0.002750
1000,0.989660,0.002866
