ef,recall,query_time
50,0.873208,0.000218
100,0.896607,0.000344
150,0.906240,0.000484
200,0.911730,0.000637
250,0.915442,0.000802
300,0.918162,0.000897
