nprobe,recall,query_time
20,0.810233,0.004421
25,0.841907,0.005002
30,0.865237,0.005891
35,0.883104,0.006785
40,0.897945,0.007521
45,0.910387,0.008394
50,0.920853,0.009378
55,0.929788,0.010491
60,0.937312,0.011318
65,0.943558,0.012153
70,0.948762,0.013176
75,0.953191,0.014032
80,0.957043,0.015207