ef,recall,query_time
100,0.902498,0.000059
200,0.968812,0.000101
300,0.985959,0.000143
400,0.992461,0.000183
500,0.995509,0.000221
600,0.997092,0.000262
700,0.998055,0.000300
800,0.998582,0.000334
900,0.998923,0.000369
1000,0.999156,0.000404
1100,0.999327,0.000441
1200,0.999475,0.000475
1300,0.999564,0.000510
1400,0.999622,0.000544
1500,0.999685,0.000577
1600,0.999728,0.000609
1700,0.999751,0.000640
1800,0.999771,0.000671
1900,0.999795,0.000707
2000,0.999803,0.000738
