ef,recall,query_time
100,0.624500,0.000194
200,0.751000,0.000199
300,0.807000,0.000275
400,0.841500,0.000352
500,0.861500,0.000415
600,0.878000,0.000506
700,0.888500,0.000574
800,0.898000,0.000649
900,0.904500,0.000719
1000,0.909500,0.000780
1100,0.911500,0.000857
1200,0.915000,0.000941
1300,0.919000,0.000994
1400,0.920500,0.001052
1500,0.924500,0.001130
1600,0.928000,0.001183
1700,0.929500,0.001245
1800,0.931500,0.001355
1900,0.934500,0.001383
2000,0.936500,0.001467
