ef,recall,query_time
100,0.698000,0.000170
200,0.807500,0.000294
300,0.857000,0.000404
400,0.882500,0.000527
500,0.904000,0.000633
600,0.914500,0.000745
700,0.925500,0.000893
800,0.938500,0.000986
900,0.948000,0.001108
1000,0.954500,0.001202
1100,0.959500,0.001279
1200,0.963000,0.001436
1300,0.966500,0.001520
1400,0.968000,0.001614
1500,0.969500,0.001712
1600,0.971500,0.001831
1700,0.973000,0.001924
1800,0.976500,0.002020
1900,0.977000,0.002179
2000,0.977500,0.002143
