ef,recall,query_time
50,0.988790,0.000049
100,0.994544,0.000088
150,0.996276,0.000124
200,0.997115,0.000160
250,0.997634,0.000194
300,0.997950,0.000228
