ef,recall,query_time
100,0.685500,0.000202
200,0.799000,0.000300
300,0.856500,0.000421
400,0.883500,0.000562
500,0.906000,0.000680
600,0.922000,0.000785
700,0.931500,0.000904
800,0.940000,0.001066
900,0.948500,0.001118
1000,0.955000,0.001282
1100,0.962500,0.001375
1200,0.965000,0.001524
1300,0.967500,0.001671
1400,0.972000,0.001712
1500,0.972500,0.001821
1600,0.973000,0.001925
1700,0.974500,0.002031
1800,0.977000,0.002159
1900,0.978500,0.002249
2000,0.980500,0.002305
