ef,recall,query_time
100,0.599500,0.000223
200,0.733000,0.000271
300,0.791500,0.000388
400,0.827500,0.000516
500,0.854000,0.000618
600,0.878000,0.000725
700,0.895500,0.000816
800,0.910000,0.000962
900,0.920000,0.001059
1000,0.926500,0.001159
1100,0.933500,0.001271
1200,0.938000,0.001390
1300,0.940000,0.001467
1400,0.942000,0.001600
1500,0.943500,0.001636
1600,0.947000,0.001765
1700,0.950000,0.001843
1800,0.952500,0.001944
1900,0.953500,0.002027
2000,0.956000,0.002150
