ef,recall,query_time
50,0.987136,0.000048
100,0.994069,0.000087
150,0.996090,0.000124
200,0.997072,0.000159
250,0.997656,0.000192
300,0.998018,0.000225
