nprobe,recall,query_time
40,0.9980,0.002728
34,0.9915,0.002020
30,0.9890,0.001810
29,0.9825,0.001621
23,0.9755,0.001456
19,0.9790,0.001253
