nprobe,recall,query_time
50,0.957500,0.002610
55,0.962500,0.002680
60,0.969000,0.002895
65,0.971500,0.003105
70,0.976000,0.003125
75,0.979500,0.003775
80,0.982500,0.003600
85,0.985000,0.003700
90,0.986000,0.004180
95,0.987000,0.004435
100,0.989000,0.004370
105,0.989500,0.004950
110,0.992000,0.004980
115,0.993500,0.005280
120,0.994500,0.005365
125,0.994500,0.005860
130,0.995500,0.006575
135,0.996000,0.006460
140,0.996000,0.006425
145,0.996500,0.006730
150,0.997500,0.006550
