ef,recall,query_time
50,0.965453,0.000035
100,0.972887,0.000063
150,0.976014,0.000089
200,0.977798,0.000114
250,0.979017,0.000138
300,0.979940,0.000162
