ef,recall,query_time
100,0.684500,0.000115
200,0.789500,0.000188
300,0.847000,0.000271
400,0.872000,0.000353
500,0.890500,0.000417
600,0.902000,0.000500
700,0.914500,0.000571
800,0.921000,0.000634
900,0.927000,0.000712
1000,0.932000,0.000802
1100,0.934500,0.000884
1200,0.938000,0.000947
1300,0.940500,0.001016
1400,0.942500,0.001073
1500,0.944000,0.001162
1600,0.945500,0.001194
1700,0.948000,0.001292
1800,0.949000,0.001380
1900,0.950000,0.001442
2000,0.951500,0.001487
